{
  "version": "1.0",
  "defaultProvider": "unpkg",
  "libraries": [
    {
      "library": "@microsoft/signalr@latest",
      "destination": "wwwroot/lib/microsoft/signalr/",
      "files": [
        "dist/browser/signalr.js",
        "dist/browser/signalr.min.js"
      ]
    }
  ,
{
  "provider": "unpkg",
  "library": "@microsoft/signalr@latest",
  "destination": "wwwroot/js/signalr/",
  "files": [
    "dist/browser/signalr.js",
    "dist/browser/signalr.min.js"
  ]
}
]
}